Date,INDOCO.NS.Open,INDOCO.NS.High,INDOCO.NS.Low,INDOCO.NS.Close,INDOCO.NS.Volume
01-01-2021,305.25,310,302.8999939,304.2999878,132129
04-01-2021,308,316,305.0499878,313.75,392560
05-01-2021,311.5,321.5,308,319.3999939,339243
06-01-2021,320,326.5,314,322.5499878,317984
07-01-2021,324.7999878,325.9500122,312,313.7000122,118563
08-01-2021,314,330,313.7000122,325.2000122,284965
11-01-2021,326.8500061,332.2000122,314.8500061,321.75,137578
12-01-2021,322,326,314.0499878,318,140752
13-01-2021,319.8999939,323,305,310.3999939,168996
14-01-2021,311.4500122,319.4500122,309.7999878,311.2999878,103078
15-01-2021,314,315.3500061,305,307.2000122,107955
18-01-2021,307.5,315.5,294.8999939,310.8500061,133410
19-01-2021,312,335.7999878,311.2000122,326.1499939,421037
20-01-2021,328.7999878,330,321.2000122,322.7000122,118160
21-01-2021,325.6000061,327,318,320.6000061,106791
22-01-2021,320,322.1000061,311,317.2999878,176248
25-01-2021,320,320,308.9500122,311.5,90273
27-01-2021,313.0499878,322,310.6499939,320.0499878,83777
28-01-2021,320.8999939,320.8999939,306.3500061,309.7999878,98545
29-01-2021,312.8999939,314.8999939,296.3500061,300.5499878,56397
01-02-2021,300,308.3500061,295.8500061,305.1000061,93559
02-02-2021,306.6499939,310.8500061,300,303.1499939,43502
03-02-2021,304.5499878,324.9500122,300.25,312.8999939,124117
04-02-2021,317,324,304.7999878,322.3500061,56553
05-02-2021,323.25,323.25,314,315.75,45704
08-02-2021,317.2999878,329.7000122,315.6499939,317.8999939,114124
09-02-2021,319.7999878,335,305.8500061,313.5499878,562184
10-02-2021,314,317.75,298.75,301.75,215547
11-02-2021,302,309,298,301.8999939,80037
12-02-2021,303,304.5,288.8500061,292.75,384782
15-02-2021,299.8500061,299.8500061,292,292.6000061,54286
16-02-2021,294,298.6499939,292,292.7999878,42526
17-02-2021,292.7000122,299,292,293.8999939,38650
18-02-2021,295.25,308.75,293.0499878,305.8999939,184171
19-02-2021,305,307.4500122,295,301.0499878,165858
22-02-2021,299,302,292.4500122,293.1000061,41307
23-02-2021,291.3500061,299.5,283.8999939,296.8999939,111191
24-02-2021,298,300,288,294.6000061,17588
25-02-2021,297,298.5499878,291.7000122,292.2999878,44672
26-02-2021,292.2999878,300,288.2999878,290.8500061,76143
01-03-2021,295,302,289.1499939,297.7999878,86988
02-03-2021,299.2999878,299.7000122,292.5499878,295.5499878,75702
03-03-2021,298.5,298.5499878,290.4500122,291.7999878,88599
04-03-2021,291.7999878,294.3500061,289.3500061,291.25,88050
05-03-2021,292.5,294.0499878,274.8500061,280.6000061,575635
08-03-2021,280,285.9500122,275,276.6499939,109067
09-03-2021,278.0499878,294.8999939,278.0499878,287.5499878,820891
10-03-2021,290,290.7000122,283.75,286.1499939,134619
12-03-2021,288.7000122,298.7000122,284.4500122,292.7999878,149045
15-03-2021,294.2999878,301.7000122,286.6499939,297.75,195165
16-03-2021,299.2000122,299.2000122,286,287.2999878,96470
17-03-2021,285.5,288,279.8500061,280.3999939,48936
18-03-2021,281.5,286.25,276,281.25,69015
19-03-2021,282.7000122,287.75,276,279.5,79756
22-03-2021,285,285,278.25,280.6499939,49178
23-03-2021,281.5,297,281.5,294.25,112424
24-03-2021,293.9500122,295,274.2000122,277.3500061,412332
25-03-2021,282.3500061,283.9500122,276,281.3500061,64223
26-03-2021,282.6499939,298,280.5499878,296.8999939,292990
30-03-2021,296.1000061,299.6499939,285,290.25,134984
31-03-2021,290.25,294.3500061,286,287.5499878,29106
01-04-2021,289.7999878,294.25,286,288.25,106569
05-04-2021,293.7000122,298.2000122,285.25,286.2999878,84116
06-04-2021,288.2999878,294,285.25,288.3500061,219817
07-04-2021,289.3500061,297.7999878,288.8500061,294.75,236270
08-04-2021,297.8999939,309.2000122,295.4500122,303.7000122,209700
09-04-2021,304.6000061,325,301.0499878,317.1499939,458411
12-04-2021,318.7000122,318.7000122,302.7000122,304.9500122,87548
13-04-2021,306.1000061,307.75,297.2000122,299.6499939,72222
15-04-2021,301.2000122,317.5,300.9500122,308.2000122,278416
16-04-2021,309.75,317.5,309.1499939,313.8500061,149797
19-04-2021,310.8500061,322,303.0499878,318.8500061,157568
20-04-2021,328,337,313.3500061,320.25,773235
22-04-2021,324.75,332.25,319.7000122,325.1499939,212455
23-04-2021,330.0499878,333,324.25,328.7999878,214590
26-04-2021,334.8999939,340,325,332.8999939,228566
27-04-2021,337.0499878,339.2999878,330,330.9500122,257623
28-04-2021,333.5,338.0499878,330.3500061,336.2000122,239838
29-04-2021,339.75,348,326.5,329.6499939,631925
30-04-2021,328,334.4500122,325.3500061,328.5,101046
03-05-2021,325,332.8500061,325,327.1000061,111456
04-05-2021,329.6499939,332.5,320.25,322.7999878,261663
05-05-2021,325,348,321.6000061,344.75,718604
06-05-2021,349,377.7000122,331.75,358.4500122,1852058
07-05-2021,364,369.8999939,355.1000061,358.8999939,298687
10-05-2021,362.8500061,365.7999878,357,362.1499939,284425
11-05-2021,361.8500061,369,348.3999939,357.25,353068
12-05-2021,360,360,350,352,208793
14-05-2021,353.7000122,357,350,354.6000061,106146
17-05-2021,356.3500061,356.8999939,344.3500061,350.2000122,182140
18-05-2021,354,354,345.1499939,348.1000061,122341
19-05-2021,349,351.4500122,341.0499878,342.8500061,118613
20-05-2021,344.6000061,346.7999878,334.7999878,336.75,89669
21-05-2021,335.5,355,335.5,348.75,191343
24-05-2021,355.75,365,355.75,358.6499939,214306
25-05-2021,362,369,333.25,338.2000122,1016834
26-05-2021,356.7000122,405.7999878,350,397.3500061,4905111
27-05-2021,402.2000122,405.5,381,388.8999939,1059917
28-05-2021,389,425.5,386.1000061,394.8500061,3124583
31-05-2021,399.7999878,403.75,387,393.1000061,617936
01-06-2021,393,396.2000122,371,374.2999878,433447
02-06-2021,376,399,375.7999878,396.5499878,702923
03-06-2021,399.75,408.5499878,385.75,392.4500122,573037
04-06-2021,392.3500061,399.4500122,390.0499878,391.6000061,248802
07-06-2021,394,397.9500122,389.9500122,395.2999878,176662
08-06-2021,397,432.7000122,389,425.0499878,1042172
09-06-2021,427,433.8999939,400.5,407.0499878,630722
10-06-2021,410,423.7999878,409.5499878,415.2000122,252473
11-06-2021,419.5,421.9500122,410.0499878,418.9500122,140194
14-06-2021,416.3999939,416.3999939,395.25,405.2000122,241707
15-06-2021,404,415,404,409.6000061,182649
16-06-2021,410,420.2999878,400,406.1499939,251678
17-06-2021,403.5,412,401.2000122,403.1499939,164418
18-06-2021,405.9500122,419.3999939,397.1499939,407.25,261972
21-06-2021,404,417,399.8999939,412.5499878,136669
22-06-2021,422.9500122,423.0499878,407.4500122,411.3999939,119240
23-06-2021,413,414,399,401.3999939,94082
24-06-2021,403.2000122,408.4500122,395.2000122,397.7000122,65295
25-06-2021,399.5,410.25,390.2000122,391.8999939,124564
28-06-2021,394.7000122,405,386,392.5,154872
29-06-2021,392.8500061,400.6499939,392.0499878,394.7999878,311925
30-06-2021,395.5499878,422.8999939,395.5499878,412.7000122,535663
01-07-2021,419.7000122,422.1000061,414,418.5499878,205034
02-07-2021,418.25,494.7000122,414.6000061,474.6499939,6572742
05-07-2021,479.8999939,483,455.0499878,459.0499878,1021560
06-07-2021,459.1000061,472,439,444.6000061,373629
07-07-2021,444.1000061,455,434,440.8999939,335768
08-07-2021,441,464,441,457.2000122,613733
09-07-2021,461.25,474,454.0499878,462.5499878,442401
12-07-2021,462,469.9500122,452,455.3999939,151251
13-07-2021,457.7999878,466,447.25,452.8500061,119148
14-07-2021,453,456.2000122,440,443.25,139995
15-07-2021,445,449.4500122,434,437.1000061,118286
16-07-2021,440,469.4500122,440,442.6000061,668394
19-07-2021,442.6000061,449,436.1499939,438.6000061,155104
20-07-2021,439,446.2999878,435.8500061,440.7000122,142302
22-07-2021,446.75,458.8500061,442.1499939,449.1000061,196284
23-07-2021,453.7000122,454.8500061,440.5499878,443.8500061,139467
26-07-2021,445.1000061,449.9500122,438,439.2000122,107452
27-07-2021,445,448.7999878,436.0499878,438.6000061,203199
28-07-2021,441.75,446,411.8999939,442.8500061,265414
29-07-2021,449.2999878,453.5499878,438.3500061,442.25,132350
30-07-2021,444,454,439,449.7000122,145631
02-08-2021,455,485,451.5499878,473.6499939,1641105
03-08-2021,476.2000122,477.9500122,461.2000122,463,237469
04-08-2021,467.9500122,472.3999939,446.7999878,448.9500122,189020
05-08-2021,452.8999939,475.9500122,443.4500122,457.2000122,465250
06-08-2021,458.7999878,463.7000122,447.5499878,450.2999878,108296
09-08-2021,452.5499878,465.3999939,443.3500061,451.3500061,157077
10-08-2021,454.8500061,456.5,424.6000061,437.3999939,167903
11-08-2021,437,471.8999939,426,441.8999939,2011189
12-08-2021,455.3999939,530.25,455.3999939,519.6500244,8219543
13-08-2021,488.5,511.7999878,470.5499878,476.7999878,2807598
16-08-2021,484.2999878,493.3500061,472.25,482.5,692557
17-08-2021,481.5,492.8999939,459,463.2999878,803853
18-08-2021,462.8999939,470.3999939,457.25,463.0499878,318379
20-08-2021,459.8999939,463.6499939,450,456.8999939,306911
23-08-2021,467.7999878,467.7999878,436.3999939,444.25,390710
24-08-2021,448.8999939,462,445.1000061,451.0499878,343360
25-08-2021,454.7999878,458.2999878,446.8500061,451.1499939,159656
26-08-2021,452.8999939,460,447.25,447.9500122,137857
27-08-2021,450.9500122,466.3999939,447,450,375381
30-08-2021,454.8999939,475.2000122,454.8500061,466.3500061,509942
31-08-2021,470,517.7999878,467,479.75,3841820
01-09-2021,485,488.2999878,473.8500061,476.9500122,500244
02-09-2021,479.2999878,496,478.75,486.2999878,484637
03-09-2021,489.8999939,490.5,476.25,478.9500122,171350
06-09-2021,481,481.5,469,472.6499939,160287
07-09-2021,475,476.5,460.5499878,463.8999939,150379
08-09-2021,467.3999939,467.5499878,458.7999878,460.5499878,142530
09-09-2021,463,473.25,460.6499939,462.3500061,126488
13-09-2021,464.7999878,469.2999878,454.7000122,456.75,253092
14-09-2021,458.7000122,471.5,458.6499939,464.25,228175
15-09-2021,466,485,465.3500061,472.1499939,352164
16-09-2021,472.2000122,484.8999939,472.2000122,476.75,267152
17-09-2021,477,486,466.0499878,481.3999939,266081
20-09-2021,482,485,469.5,473.0499878,202878
21-09-2021,477.7000122,477.7000122,457.5,462.2999878,147904
22-09-2021,463,473.1000061,455.5499878,465.0499878,167472
23-09-2021,465.8999939,467.3999939,459,460.5,152970
24-09-2021,464.5,464.5,441,447.0499878,242430
27-09-2021,457.2999878,459.4500122,441,444.2999878,433015
28-09-2021,447,448.3999939,436,442,132771
29-09-2021,438,449.8999939,438,444.6499939,147860
30-09-2021,446.6000061,459,445.0499878,449.25,169797
01-10-2021,445,452.4500122,442.1000061,446.8500061,58933
04-10-2021,447,458.3999939,447,451.25,124768
05-10-2021,450,458,444.5499878,448.9500122,113074
06-10-2021,450,453.3500061,433.3500061,443.7000122,221238
07-10-2021,444.2000122,452,442,444.1000061,91586
08-10-2021,446,457.7999878,439.0499878,448.2000122,397410
11-10-2021,452,453.8500061,444,446.4500122,415027
12-10-2021,446,453,445.5,449.7999878,218213
13-10-2021,452.0499878,467.7999878,450.1000061,460.7000122,511060
14-10-2021,463.9500122,471,459.3500061,463.0499878,327320
18-10-2021,480,504.5499878,475.6000061,478.8999939,781890
19-10-2021,479,484,460.5499878,470.5499878,309516
20-10-2021,465.2000122,513.6500244,457,469.5499878,1822121
21-10-2021,473.7999878,495.7000122,473.1000061,475.1499939,562696
22-10-2021,477.5,482.0499878,460.6000061,464.1499939,252744
25-10-2021,464.1499939,466.3500061,443.6000061,460.2999878,250877
26-10-2021,460.5,470,452.5499878,459.8999939,181072
27-10-2021,460.8999939,479,459.3999939,472.3500061,226852
28-10-2021,472,472,440.2000122,447.6499939,211823
29-10-2021,449,469.2999878,440,465.8999939,154841
01-11-2021,470,480,463.8500061,478,154057
02-11-2021,481,498,454,457.25,958261
03-11-2021,457.8999939,466.8999939,445,449.6000061,272878
04-11-2021,452.3500061,459.7000122,452,454.2999878,33071
08-11-2021,461,462.2999878,447.9500122,449.6499939,156624
09-11-2021,451,453.8999939,445,447.3999939,123357
10-11-2021,445.8500061,447.9500122,426.5499878,428.5499878,452038
11-11-2021,430.5,434.4500122,425,428.7000122,106678
12-11-2021,430,431.8999939,407.6000061,420.0499878,335036
15-11-2021,420,424.7999878,410.7000122,421.8999939,149767
16-11-2021,422.8999939,427.3500061,414.1499939,415.6000061,83557
17-11-2021,415.6499939,418.7999878,404,406.25,120494
18-11-2021,406,412,393,401.8500061,148772
22-11-2021,402,405.4500122,390.6499939,394.5,108652
23-11-2021,393.25,407.8500061,388.2999878,400.7999878,89441
24-11-2021,408,430.4500122,403.75,407.8500061,181478
25-11-2021,408,411.5499878,400,409.2000122,79495
26-11-2021,408.8999939,422.75,401.1000061,411.1000061,300529
29-11-2021,413,413,390.0499878,393.9500122,117103
30-11-2021,403,405,384,388.2000122,94893
01-12-2021,393,398.7999878,376.3500061,380.3500061,143267
02-12-2021,381.7999878,402,379,397.4500122,202594
03-12-2021,396,407,394.2000122,403.8500061,125594
06-12-2021,405,432,402.25,418.1000061,467712
07-12-2021,425,431.0499878,407.5,424.2000122,269332
08-12-2021,427.2999878,439,424,429.25,193683
09-12-2021,426.5,437,425.5,436.1499939,84449
10-12-2021,435,443.7999878,428.0499878,430.6499939,102793
13-12-2021,432.1499939,441.6499939,428.5499878,438.4500122,111492
14-12-2021,432.2000122,442.7999878,430.2000122,432.1499939,76318
15-12-2021,434.3500061,447,432.8500061,439.1499939,180896
16-12-2021,440,443.6499939,426,428.0499878,106884
17-12-2021,428.3500061,430,410,412.6000061,119242
20-12-2021,411,411.8999939,390.2999878,399.9500122,119817
21-12-2021,406.2999878,414.5499878,406.1499939,411.1000061,65857
22-12-2021,422,422,411.3500061,418.2000122,58613
23-12-2021,420.2999878,422.0499878,410.75,418.75,58586
24-12-2021,420,425.25,413.4500122,422,61341
27-12-2021,416.2000122,435.4500122,416.2000122,431.6499939,115810
28-12-2021,434.6000061,442.5499878,428.4500122,440.4500122,81531
29-12-2021,441.8500061,444.3500061,430,436.2000122,77427
30-12-2021,433,459.25,432.4500122,444.4500122,219762
31-12-2021,446.7000122,456,437,454.2999878,157936
03-01-2022,454,458.8999939,436.0499878,439.3999939,152221
04-01-2022,435.1499939,451.1000061,435.1499939,442.9500122,102222
05-01-2022,447,451.1000061,440,441.5499878,66523
06-01-2022,435,445.5499878,435,437.6499939,56854
07-01-2022,439,445.1000061,431.3500061,437.8500061,52985
10-01-2022,438.2000122,443.3999939,424.2000122,428.2999878,112037
11-01-2022,429.25,435.8999939,424.2000122,425.7999878,67716
12-01-2022,429.8999939,431.25,425.0499878,426.4500122,48900
13-01-2022,427.9500122,436.9500122,425,430,71367
14-01-2022,430.75,442.7999878,428.1499939,439.1499939,97640
17-01-2022,439.7000122,443.7999878,430.25,437.9500122,87170
18-01-2022,439.9500122,441.8500061,427.6499939,429.0499878,55018
19-01-2022,429.9500122,433.3999939,424,428.9500122,57455
20-01-2022,428.5499878,431.1000061,421.1000061,422.6499939,48611
21-01-2022,420,426.1499939,413.7999878,416.7000122,58642
24-01-2022,413,415,394.1499939,400.2000122,79068
25-01-2022,394.2000122,410.5,394.1499939,400.2999878,42883
27-01-2022,399,406.5,393.25,395.4500122,42893
28-01-2022,397.4500122,406.7999878,397.4500122,404.0499878,148389
31-01-2022,415,417.4500122,380,385.3500061,219095
01-02-2022,397.9500122,429,393.3999939,401.8999939,1459691
02-02-2022,401.8999939,405,394.0499878,397.7000122,142646
03-02-2022,401.8999939,406,390.8500061,391.7999878,128117
04-02-2022,393.6000061,394.8500061,382.5,384.5499878,191361
07-02-2022,381,386.5,376.7999878,377.75,118200
08-02-2022,377,381.75,365,367.7999878,155538
09-02-2022,369.7000122,375.4500122,367.3500061,368.8999939,99774
10-02-2022,378.3999939,379.8500061,371.3999939,377.7000122,102957
11-02-2022,372,377.9500122,366.25,367.6000061,115907
14-02-2022,359.6000061,365.4500122,355.2999878,362.5499878,96900
15-02-2022,364.3500061,366.3500061,344.0499878,346.2000122,393009
16-02-2022,350,379.8999939,348.8500061,374.7000122,684074
17-02-2022,375,384.4500122,370.4500122,382.2000122,301681
18-02-2022,379,382.2000122,375.1499939,381.1000061,72947
21-02-2022,375.1499939,383.2999878,371.5,379.6499939,111061
22-02-2022,370,384.9500122,369.4500122,382.3500061,137144
23-02-2022,383,392.6000061,383,389.3999939,100761
24-02-2022,380.0499878,390.6499939,376,379.7999878,189857
25-02-2022,387,400,383.4500122,389.8999939,105315
28-02-2022,388.3999939,393.7999878,378.2999878,392.2000122,32257
02-03-2022,388.1000061,394.7000122,383.5499878,389.0499878,83531
03-03-2022,389.5,394,376.9500122,379.9500122,48066
04-03-2022,376.5,381.6499939,356.6000061,361.2999878,136411
07-03-2022,354,369,350.1499939,362.6499939,73131
08-03-2022,364.5,371.75,356.2000122,361.25,58881
09-03-2022,363.1000061,370.5,359.6000061,363.2000122,100176
10-03-2022,377.7000122,377.7000122,365.0499878,371.5,71520
11-03-2022,371.5,379.6000061,367.7000122,375.75,70403
14-03-2022,375.75,388.8500061,372.5,382.2999878,65729
15-03-2022,382.2999878,383.9500122,372,374.8999939,52763
16-03-2022,382,387,379.8500061,385.4500122,70175
17-03-2022,390,395.7000122,386.1499939,391.3500061,81402
21-03-2022,386.1499939,414.3999939,386.1499939,409.7999878,217526
22-03-2022,418,426.2000122,397.1000061,401.7999878,305496
23-03-2022,403.8500061,408.5499878,390.2000122,393.1000061,88035
24-03-2022,395.1000061,407,390,392.8999939,53065
25-03-2022,394.8999939,397.8999939,386,389.2000122,49071
28-03-2022,384.2000122,389.0499878,366.6000061,372.75,128643
29-03-2022,375,376.2999878,363,365.7999878,122571
30-03-2022,373.8999939,384.3999939,372,380.4500122,86119
31-03-2022,386.3500061,386.3500061,374.1000061,377.0499878,76013
01-04-2022,377.0499878,391.2000122,377.0499878,384.5499878,37624
04-04-2022,385.5499878,391.6000061,377,384.7999878,121119
05-04-2022,386.7000122,391.5,380.2999878,388.2999878,100222
06-04-2022,386,393.8999939,382.6000061,390.1000061,67116
07-04-2022,390.5,400.75,388,392.1000061,67321
08-04-2022,394.1000061,403,390.6499939,398.1000061,104146
11-04-2022,400.6000061,405,395,396.4500122,70849
12-04-2022,398.5,402.1000061,390.4500122,396.8500061,55283
13-04-2022,396.8500061,403.6000061,385,387.2999878,92028
18-04-2022,384.25,394.2999878,381.3999939,383.8999939,41108
19-04-2022,385.7999878,389.3999939,351.0499878,370.0499878,39224
20-04-2022,369,382,368,378.5,98039
21-04-2022,385,385.75,378.3500061,379.8500061,32402
22-04-2022,379.6499939,385.2000122,378.5499878,380.7000122,50265
25-04-2022,382.6000061,390,377.2000122,384.6499939,60186
26-04-2022,386.6000061,396.8500061,379,383.4500122,84872
27-04-2022,383.3999939,383.3999939,376.8500061,379.2999878,23647
28-04-2022,381.2000122,392,380.1499939,387.3500061,51096
29-04-2022,389.2999878,392,375.9500122,380.3999939,42622
02-05-2022,380,380,371,373.2000122,29714
04-05-2022,374.2000122,376.6499939,363.6499939,367.1000061,43223
05-05-2022,368.9500122,370,362.0499878,363.8500061,42721
06-05-2022,364,371.6499939,356,366.2999878,60926
09-05-2022,365.7000122,365.7000122,334.5,351,198823
10-05-2022,351.2000122,365.7000122,350.75,359.5499878,63262
11-05-2022,361.3500061,364.9500122,336.7000122,340,81167
12-05-2022,340,340,322.7000122,330.3500061,85864
13-05-2022,331.9500122,345,330,336.75,118556
16-05-2022,338.75,340.1499939,326.0499878,332.0499878,93915
17-05-2022,333.75,377.9500122,332,350.4500122,1259531
18-05-2022,364,375,358.5499878,370.1499939,696665
19-05-2022,356,369.8500061,356,362.2000122,85616
20-05-2022,375,378.2000122,364.3500061,373.2999878,111337
23-05-2022,376.2999878,379.7999878,361.0499878,362.75,45776
24-05-2022,364.6000061,368.8500061,357.0499878,362.8999939,29774
25-05-2022,365.7999878,365.8999939,342.9500122,354.75,127135
26-05-2022,357.8999939,357.8999939,341.3999939,346.6000061,89355
27-05-2022,347.5,355,346.6000061,350.0499878,122313
30-05-2022,352.5,357.0499878,350.2999878,351.7000122,23489
31-05-2022,350.8500061,354,348.5499878,353.1499939,28097
01-06-2022,353.5,354.8999939,352.4500122,353.3500061,24883
02-06-2022,353.5,354.5,352.8500061,353.8500061,66103
03-06-2022,356,371.5,353.4500122,362.2999878,202116
06-06-2022,364,389.7999878,356.0499878,380,313065
07-06-2022,379.8999939,380.3500061,369.1499939,374.8500061,37848
08-06-2022,372.2000122,390,367,377.3999939,311426
09-06-2022,383,385.9500122,371.6499939,374.4500122,48653
10-06-2022,373.0499878,378.7000122,371.6499939,375.7999878,41283
13-06-2022,372.6499939,375,365.25,370.1000061,45290
14-06-2022,371,374.8999939,366.5,368.1000061,75598
15-06-2022,373.6000061,383,363.3999939,368.9500122,259967
16-06-2022,373.1499939,373.2000122,353.7999878,357.1499939,56973
17-06-2022,358,358,346.5499878,351.3999939,66407
20-06-2022,347,357.2000122,347,352.75,39776
21-06-2022,355,362.2000122,350.3999939,360,28208
22-06-2022,353.25,368,353.2000122,364.8500061,67742
23-06-2022,367.8500061,372.75,363.2000122,368.3500061,42289
24-06-2022,370.2000122,372,362.0499878,366.8999939,40473
27-06-2022,370.7999878,375.8500061,368,373.2000122,50175
28-06-2022,373.7999878,379.4500122,367.5,372.3500061,80577
29-06-2022,374,375.8999939,366.7000122,369.75,80600
30-06-2022,369.7000122,373.5499878,362.3999939,367.0499878,38728
01-07-2022,368.25,372.9500122,365.6499939,369.6499939,21554
04-07-2022,369,371.1499939,365,367.6000061,36194
05-07-2022,367.6000061,375,365.9500122,372.75,128046
06-07-2022,373.75,378.75,369,376.3999939,134694
07-07-2022,381.1499939,382.8500061,373.2999878,375.8999939,31047
08-07-2022,377.7999878,383,375,379.5499878,30554
11-07-2022,379.5499878,387.75,375.9500122,382.4500122,45624
12-07-2022,382,383.1499939,379.1499939,380.6000061,29037
13-07-2022,382.5499878,384.6000061,380,382.75,40927
14-07-2022,385.1000061,393.7999878,375.25,379.6499939,221830
15-07-2022,381.1499939,387.1499939,378.0499878,380.2000122,42945
18-07-2022,382.1499939,392.25,382.1499939,384.25,70094
19-07-2022,384.1499939,386.0499878,377.9500122,379.5499878,25274
20-07-2022,381.4500122,394.1499939,378.2000122,389.5,109422
21-07-2022,385.6000061,394.75,382.8999939,384.2000122,126982
22-07-2022,390,392.2999878,382,383.25,77040
25-07-2022,384,384,377,379.7999878,27197
26-07-2022,379.8500061,384.8500061,373.7999878,376.8500061,41230
27-07-2022,376.6000061,382.4500122,376.4500122,380.6499939,13781
28-07-2022,381.6499939,386,377.5499878,382.3999939,54214
29-07-2022,385,388.6499939,381,385.2999878,89619
01-08-2022,385.5,401.1499939,383.3500061,398.3999939,164918
02-08-2022,399.3999939,405.1499939,395,399.1000061,152366
03-08-2022,400,409.7999878,397.8500061,401.1000061,228807
04-08-2022,403,408,393.9500122,401.8999939,143719
05-08-2022,403.8999939,404,390.5,392.75,34469
08-08-2022,394.7000122,401.7000122,392,395.1000061,38663
10-08-2022,381.6000061,384.5499878,372.6000061,375.3999939,158801
11-08-2022,383,383,373.3500061,377.7000122,42450
12-08-2022,379.3999939,380.4500122,375.5499878,377.3500061,54716
16-08-2022,379,380.9500122,359,360.25,163368
17-08-2022,360.8999939,365,351.5,353.0499878,153413
18-08-2022,354.8500061,355,343.5499878,344.5,123932
19-08-2022,346.5499878,355.9500122,345.7999878,351.4500122,158935
22-08-2022,354,365,351.25,360.3500061,166406
23-08-2022,361.3500061,366,352.6000061,355.7999878,78558
24-08-2022,355.7999878,360,355.0499878,358.75,51426
25-08-2022,358.7999878,362,357.25,358.4500122,35408
26-08-2022,359.5,363.4500122,354.5499878,357.5499878,43554
29-08-2022,354.6499939,361.7000122,348.3500061,357.5499878,44118
30-08-2022,359.5499878,360.7999878,352.9500122,358.5499878,54469
01-09-2022,358.5499878,359.3500061,354.6499939,357.7999878,65956
02-09-2022,359.1000061,367,357.0499878,364.7999878,74162
05-09-2022,365.6499939,371.2000122,363.5,368.1499939,62971
06-09-2022,369.9500122,380,368.1499939,373.7999878,168475
07-09-2022,371.2000122,373.1499939,366.2999878,367.4500122,25401
08-09-2022,368.8500061,370.7000122,363.5,364.7999878,38987
09-09-2022,362.3500061,366.5,360.6000061,361.8500061,38852
12-09-2022,363.8500061,370.0499878,362.2000122,367.0499878,66903
13-09-2022,369.25,370.1499939,362.4500122,365.3500061,31278
14-09-2022,363,367.5,361.0499878,364.75,27038
15-09-2022,366.6000061,369,357.8500061,359.3500061,32595
16-09-2022,359.3999939,366.1499939,351,357,144243
19-09-2022,357.9500122,372.2000122,346.75,349.4500122,179415
20-09-2022,352,359.7000122,350.1000061,355.0499878,52983
21-09-2022,354.75,360,343.1000061,346.1000061,112746
22-09-2022,346.1000061,349.4500122,340,342.1000061,54241
23-09-2022,343,346.2000122,328.8999939,333.3500061,111367
26-09-2022,331,347,326,333.5499878,348249
27-09-2022,333.5499878,338.8500061,322,325.6499939,88155
28-09-2022,325,334.7999878,308.1499939,311.6499939,223899
29-09-2022,314,324.3500061,307.6499939,321.6499939,232821
30-09-2022,321.6499939,331.5,318.0499878,327.8999939,72755
03-10-2022,327.8999939,338,325.75,335.6000061,74715
04-10-2022,338.2000122,343.9500122,333.0499878,339.75,64408
06-10-2022,340.0499878,345.5,336.6000061,342.4500122,43381
07-10-2022,343,343.5499878,335.5,341.5,44734
10-10-2022,337.25,345,333.8999939,340.6000061,65277
11-10-2022,340.6000061,344.25,337.6000061,339.8999939,52369
12-10-2022,339.5,349.8999939,336.1000061,338.7000122,166302
13-10-2022,340.3999939,340.3999939,333.1499939,337.2999878,32159
14-10-2022,339.2999878,342.8999939,335.2999878,341.3500061,39878
17-10-2022,341.2999878,344.9500122,338.25,342.8500061,34332
18-10-2022,343.2000122,350,340.3500061,342.75,32808
19-10-2022,342.8500061,349.3500061,337,339.2999878,33840
20-10-2022,339.25,340.5,333.5499878,335.5499878,20158
21-10-2022,335.0499878,342.6499939,334.75,336.8500061,38858
24-10-2022,333,343.6499939,333,342.3999939,7816
25-10-2022,339,344.75,337.9500122,340.3500061,28981
27-10-2022,340.6000061,343.4500122,340,341.0499878,14070
28-10-2022,341.0499878,344.7999878,335.25,340.6000061,51648
31-10-2022,341.2000122,365.2000122,341.2000122,354,505723
01-11-2022,354.6499939,357,351.6000061,354.2999878,31786
02-11-2022,354.3999939,361,347.4500122,359.2000122,211221
03-11-2022,359.8999939,362.7000122,356.1000061,359.8500061,26689
04-11-2022,360,364.3500061,357.8500061,360.2999878,84260
07-11-2022,362.1499939,368.7999878,359.5,364,40730
09-11-2022,363.7999878,363.7999878,351.5,353.6499939,57881
10-11-2022,353.25,369.8999939,352.1000061,356.8999939,276520
11-11-2022,356.8999939,360,343.0499878,348.0499878,85168
14-11-2022,349.7999878,354.8999939,346.7000122,350.25,26991
15-11-2022,352,356.4500122,348,354.2000122,35366
16-11-2022,356,356,350,351.75,29410
17-11-2022,353.5499878,357.4500122,350.0499878,354.3500061,30401
18-11-2022,356.1499939,369.8999939,355.5,366.5,130960
21-11-2022,368.3500061,378,360.0499878,376.4500122,204033
22-11-2022,380,385.8999939,371.2000122,376,184590
23-11-2022,377.7999878,391.9500122,369,387.5,162569
24-11-2022,391,423.8999939,391,415.3500061,1078593
25-11-2022,415.0499878,415.3500061,400.7000122,402.5,149644
28-11-2022,402.9500122,407.9500122,392.0499878,396.1000061,65003
29-11-2022,393.2999878,396.1000061,382.75,384.9500122,79595
30-11-2022,384.9500122,401,384.2000122,397.6499939,101785
01-12-2022,398.6499939,403.5,393,394.7000122,58141
02-12-2022,393,405.2000122,391.2999878,397.8999939,46824
05-12-2022,393,397.2000122,391.1499939,393.0499878,30187
06-12-2022,393.8999939,409.9500122,392.5499878,397.9500122,209257
07-12-2022,399.3999939,400.4500122,395.0499878,398.25,29364
08-12-2022,399,401.1000061,393,397.9500122,42449
09-12-2022,398.8999939,398.9500122,384,387.0499878,25812
12-12-2022,387.9500122,389,374.1000061,377.3999939,60428
13-12-2022,378.2000122,384.7999878,378.1499939,381.3500061,24031
14-12-2022,387,400,380.3999939,398.3999939,84547
15-12-2022,404,404,390,392.2999878,34734
16-12-2022,394,395.7999878,379.6000061,390.75,48244
19-12-2022,392.7000122,403,389.4500122,398.1000061,51571
20-12-2022,395.2000122,398.3500061,388.0499878,391.75,20743
21-12-2022,390.2999878,407.3999939,390.2999878,401.75,245502
22-12-2022,405,409.7999878,390.5499878,397.7999878,101894
23-12-2022,399.6000061,399.7000122,375.1000061,379.6000061,61931
26-12-2022,387.1499939,390.4500122,372.1000061,379.8500061,71293
27-12-2022,385.75,404.5,380.5499878,395.5,136378
28-12-2022,393.25,398.6499939,393.25,395.1499939,24888
29-12-2022,393,398.6499939,382.8500061,389.8500061,29467
30-12-2022,391.5,416,390.6000061,406.6499939,506624
02-01-2023,414,423.8999939,408,412.6499939,437953
03-01-2023,414,420.7999878,408.1499939,410.6499939,75448
04-01-2023,411.5499878,411.5499878,388.1499939,398.6499939,170307
05-01-2023,399.0499878,405.75,393.25,396.7999878,51991
06-01-2023,398.7000122,398.7000122,390.6000061,394.1000061,22483
09-01-2023,410,413.2999878,401.6000061,406.1499939,181852
10-01-2023,406.1499939,409.0499878,398,400.8999939,22785
11-01-2023,401,402.8999939,393.0499878,396.2999878,43880
12-01-2023,395.6000061,402.7999878,395.6000061,398,51460
13-01-2023,399.8999939,402.7999878,396.2999878,398.6499939,34821
16-01-2023,398.6499939,404,396,396.75,31847
17-01-2023,397.6000061,401.7999878,390.4500122,393.6499939,37611
18-01-2023,394.7000122,400.6499939,393.3500061,398.3999939,57837
19-01-2023,397.7999878,398.7999878,392,394.3999939,28527
20-01-2023,395.1499939,395.1499939,390.3999939,391.5,26874
23-01-2023,394.7999878,409.7999878,391.6000061,404.75,455326
24-01-2023,404.4500122,408.4500122,359,362.8999939,804060
25-01-2023,361.75,361.75,346,348.6000061,341401
27-01-2023,349.5499878,352.7000122,336.2999878,339,141943
30-01-2023,339,343.3500061,331,338.8999939,96474
31-01-2023,337,345,324.6000061,327.6000061,122740
01-02-2023,327.6000061,340.2000122,320.2000122,325.0499878,151968
02-02-2023,325.1000061,349.8500061,318.4500122,337.5499878,159764
03-02-2023,339.25,344,322,335.6000061,167832
06-02-2023,336,338.7999878,325.1499939,335,128419
07-02-2023,335,339.5499878,330.0499878,335.5499878,72380
08-02-2023,337,338.2999878,332.7999878,336.7000122,47836
09-02-2023,337.9500122,337.9500122,331,332.25,47294
10-02-2023,333,369,332.4500122,364.9500122,1402350
13-02-2023,360,381.6000061,357.8500061,367.1000061,631482
14-02-2023,361,373.8999939,357.25,369.1499939,193456
15-02-2023,370.5499878,377.7000122,366.1000061,372.2999878,194452
16-02-2023,372.2999878,377.25,371.6499939,374.2000122,72235
17-02-2023,371,379.7999878,371,375.7000122,74517
20-02-2023,375.1499939,377.1499939,365.6000061,367.9500122,95626
21-02-2023,368.2000122,375.0499878,364.2999878,368.25,75668
22-02-2023,368.25,378.5499878,356.7999878,362.2999878,120810
23-02-2023,361.3999939,369,360.0499878,362.4500122,72849
24-02-2023,364.2999878,365.0499878,345.0499878,346.75,87065
27-02-2023,347,365,333.6000061,353.8500061,168474
28-02-2023,355.6499939,370.9500122,355.5499878,359.0499878,775915
01-03-2023,359.0499878,361.8999939,349.5499878,354.0499878,201906
02-03-2023,347,355.6000061,335.7000122,339.1499939,107816
03-03-2023,344.75,347.3500061,337.3999939,340.6499939,146313
06-03-2023,341.5,345.25,337,341.9500122,95160
08-03-2023,339.7999878,345,338.2000122,341.1499939,84651
09-03-2023,342.1000061,345.2999878,338.6499939,342.3999939,76244
10-03-2023,342.0499878,345.75,336.3999939,338.2999878,73571
13-03-2023,342.5,344.2999878,328.3999939,332.8500061,97724
14-03-2023,333.1499939,356,333.1499939,348.8999939,639746
15-03-2023,349.1499939,351.7000122,342,344.9500122,185138
16-03-2023,346.7000122,348.7000122,317.2000122,320.3500061,414714
17-03-2023,320.5,325.6499939,320.0499878,321.75,114585
20-03-2023,322.7000122,336,316.5,326.6499939,451041
21-03-2023,328.25,335.9500122,327.3500061,330.1000061,126496
22-03-2023,330.5,334.75,327.0499878,328.1000061,78072
23-03-2023,328.9500122,333.9500122,326.7000122,331.7999878,123960
24-03-2023,328,331.1499939,325.4500122,327.75,66452
27-03-2023,328.5499878,349.0499878,327.25,336.0499878,483147
28-03-2023,337.75,337.75,321.3500061,326.1000061,76255
29-03-2023,329.3999939,332.6499939,320.1000061,324.7000122,196608
31-03-2023,325.75,331.75,322.8500061,325.25,75873
03-04-2023,326.8500061,331.5,326.2999878,329.7999878,59836
05-04-2023,331.3999939,338.1000061,326.0499878,327.5,105293
06-04-2023,328.1000061,334.4500122,326.7999878,331.1499939,78582
10-04-2023,335.3999939,336.9500122,329.7999878,333.75,91215
11-04-2023,333.7999878,340,331.2000122,333.25,74634
12-04-2023,334.9500122,337,327.5,331.1499939,106538
13-04-2023,332.2000122,335.7000122,328.0499878,329.1000061,98023
17-04-2023,331.3999939,331.75,324.5499878,325.5499878,165229
18-04-2023,326.25,329.1000061,318,319.25,120252
19-04-2023,321.8500061,323.2000122,314.6000061,315.5,120591
20-04-2023,317.9500122,319.4500122,312,313,69970
21-04-2023,315.3500061,317.1000061,307.2999878,310,119673
24-04-2023,312,318,310.25,311.6000061,245993
25-04-2023,314.3500061,315.75,308.1499939,309.3500061,96265
26-04-2023,310.8999939,314.75,306.3999939,310.9500122,228964
27-04-2023,311.8999939,315,311,314.3999939,86209
28-04-2023,315.0499878,325.4500122,313.7000122,323.4500122,159267
02-05-2023,323.4500122,326,318.4500122,322.1499939,93219
03-05-2023,324.8999939,332.2000122,321.4500122,329.4500122,272032
04-05-2023,330.75,334.3999939,327.6000061,329.75,55787
05-05-2023,330.8999939,334.9500122,324.1499939,332.8999939,85666
08-05-2023,332.8999939,338.8999939,330.1000061,338.2999878,98160
09-05-2023,338.2999878,343.2999878,334.1499939,336.1499939,144097
10-05-2023,337.7999878,338.7000122,330.6499939,332.2999878,44537
11-05-2023,333.7999878,343.1000061,332.6499939,342.0499878,67559
12-05-2023,342.0499878,357.6000061,335.8999939,354.0499878,165585
15-05-2023,351,359.7999878,350.7999878,352.25,97354
16-05-2023,351.3999939,357.9500122,348.6000061,356.25,45217
17-05-2023,356.9500122,358.9500122,350.2999878,351.6499939,23371
18-05-2023,353,362.8500061,348,353.75,52683
19-05-2023,353.4500122,353.4500122,342.25,351.1000061,34982
22-05-2023,352.5,352.5,345.8999939,347.7999878,21458
23-05-2023,347.8999939,363.1499939,331.7999878,340.1499939,399324
24-05-2023,335.0499878,345,328.2999878,339.75,128097
25-05-2023,339.75,349.1499939,335.0499878,336.25,38295
26-05-2023,336.3500061,337.3500061,329.1000061,334.7999878,72786
29-05-2023,336.5,345,334.7999878,336.25,61542
30-05-2023,336.0499878,340,330.8999939,333.1000061,52025
31-05-2023,333.6499939,362.2000122,330,352.1499939,118770
01-06-2023,351.8999939,353.4500122,342.75,344.2999878,86016
02-06-2023,344.2999878,354.1000061,341.6000061,352.1499939,66186
05-06-2023,351.0499878,351.0499878,331.2999878,333.3500061,426432
06-06-2023,335,339.9500122,327.2999878,331.2000122,362010
07-06-2023,332.8999939,339,328,329.1499939,169623
08-06-2023,330.8999939,332.6499939,328.5,329.5499878,57928
09-06-2023,329.5,334.8999939,326.0499878,329.6499939,151416
12-06-2023,333.8500061,333.8500061,329.0499878,330.9500122,99235
13-06-2023,332.5,333,320.2000122,321.7999878,255251
14-06-2023,323.4500122,324.6499939,320.1000061,322.0499878,80509
15-06-2023,322.3999939,333.1499939,322.3999939,329.2999878,164031
16-06-2023,332.1000061,333.5,329.8999939,330.5499878,105278
19-06-2023,332,336.5,329.25,330.8500061,154176
20-06-2023,330.8500061,333.5499878,328,329.75,100662
21-06-2023,331.3999939,331.3999939,326.0499878,328.3500061,65193
22-06-2023,329.7000122,329.8999939,320,321.0499878,87243
23-06-2023,318,323.5499878,316.1000061,319.8999939,64102
26-06-2023,319.8999939,332.5,318.3999939,329.3999939,142443
27-06-2023,330.7999878,332.7000122,324.1499939,326.5,71560
28-06-2023,327,330.9500122,325.0499878,326.1499939,44322
30-06-2023,327.0499878,330,325.2999878,326.9500122,76462
03-07-2023,327.0499878,334,327.0499878,329.3500061,85926
04-07-2023,331.2999878,331.8500061,325,327.6499939,60934
05-07-2023,328.8999939,333.5499878,328.25,329.5499878,86534
06-07-2023,330.8999939,331,325,326.6000061,77457
07-07-2023,326.6000061,329.9500122,324.1000061,324.7999878,78529
10-07-2023,326.2999878,326.3999939,315,320.6499939,43343
11-07-2023,321.2999878,331.2999878,317.8500061,322.6499939,282394
12-07-2023,322.9500122,328,321.1000061,325.4500122,92888
13-07-2023,327,327.8999939,321.8500061,323.2999878,35167
14-07-2023,324,326,322,322.9500122,37556
17-07-2023,323,332,323,330.25,119005
18-07-2023,332,332,325.7000122,328.8500061,94887
19-07-2023,331.7000122,332.25,328.5499878,329.75,66507
20-07-2023,330.75,333.5,326.9500122,331.7999878,101148
21-07-2023,330.3500061,339.9500122,330.3500061,332.0499878,184324
24-07-2023,333.75,336.1499939,329,329.7999878,51757
25-07-2023,330,335.0499878,315.2999878,322.8500061,458346
26-07-2023,324,332.1000061,316,317,986902
27-07-2023,318.0499878,324.9500122,317.0499878,317.8500061,112164
28-07-2023,319.9500122,321.75,316.9500122,318.5499878,75582
31-07-2023,317,325,315,317.1499939,191950
01-08-2023,317.5,321.3500061,314.1000061,314.7999878,129149
02-08-2023,315.25,317.8999939,311.7999878,313.6499939,84262
03-08-2023,313.6499939,325.2999878,312.2000122,324,238400
04-08-2023,327.8500061,328.8999939,321.4500122,324.2999878,109157
07-08-2023,325.9500122,327.8999939,318.8999939,321.75,182135
08-08-2023,323,325.7999878,318.0499878,319.5499878,396391
09-08-2023,321.0499878,343.9500122,321,341.6499939,766491
10-08-2023,346,346.8999939,337.7999878,345.0499878,266870
11-08-2023,346.1000061,352.6000061,340,341.7000122,177420
14-08-2023,340.0499878,343.3500061,334,342.2999878,73770
16-08-2023,338.2000122,341.1000061,333.6499939,339.2999878,59782
17-08-2023,340.3999939,343.1000061,333,335.4500122,89803
18-08-2023,335.4500122,340.8999939,327.2000122,329,76135
21-08-2023,330,333,328,329.3500061,55035
22-08-2023,330.0499878,336.6000061,330.0499878,335.5499878,65134
23-08-2023,336.9500122,337,328.7999878,330.5,84698
24-08-2023,332,336.2999878,327.6499939,329.6499939,70377
25-08-2023,329.3999939,331,321.2999878,323.6499939,94919
28-08-2023,324,330.1499939,322,323.25,73443
29-08-2023,324.25,327.5499878,320.75,321.7000122,127029
30-08-2023,322.0499878,327.8500061,318.2999878,319.2000122,170389
31-08-2023,320.6499939,323,315.1000061,317.25,100300
01-09-2023,318,322.7999878,309.5,311.8500061,327089
04-09-2023,314.5499878,321.6000061,310.5499878,311.4500122,298721
05-09-2023,315,328.1499939,313.1499939,316.2000122,489715
06-09-2023,323,327.1499939,314.5,317.7000122,340035
07-09-2023,320.8999939,332.7999878,317.7000122,331.3500061,708294
08-09-2023,330.0499878,337.6000061,328,329.5,415417
11-09-2023,330,333.5,321.3999939,323.8999939,175460
12-09-2023,326.3999939,344,322.1499939,340.5,1236622
13-09-2023,344,373,340.9500122,361.8999939,1777413
14-09-2023,365.75,366.7000122,356,357.4500122,301419
15-09-2023,358,365,357,362.1000061,190226
18-09-2023,362.0499878,370.75,355.1499939,356.5499878,233340
20-09-2023,351.1000061,356.3500061,335.2000122,339.75,244934
21-09-2023,341.3999939,349.6000061,339.0499878,340.0499878,194010
22-09-2023,341.7999878,345,335.6000061,340.75,64020
25-09-2023,340.75,342.3500061,335.2999878,338.1000061,115156
26-09-2023,339,341,332.8999939,333.6499939,195148
27-09-2023,333.6000061,340.25,333.4500122,334.3999939,206958
28-09-2023,336.1000061,339.7999878,334,335.5499878,74607
29-09-2023,337.25,342.5,334.25,339,86279
03-10-2023,339,339.5,331.0499878,332.7000122,80124
04-10-2023,332.3500061,333.7000122,328.0499878,329.8999939,68148
05-10-2023,331.5,333.5,328.5499878,329.7999878,39198
06-10-2023,329.8999939,333.8500061,328.0499878,332.3500061,64695
09-10-2023,332,338.3999939,325.2999878,335.7000122,189674
10-10-2023,337.3500061,341.75,333.5,334.6000061,101664
11-10-2023,337.5,339.7000122,334.9500122,338.25,48461
12-10-2023,336.6000061,342,336.5,339.25,168064
13-10-2023,336.3999939,341.0499878,336.1000061,339.25,39813
16-10-2023,340.9500122,345,336.75,343.8999939,115541
17-10-2023,345,345.1000061,340.3999939,342.2000122,87299
18-10-2023,343.7999878,349.2000122,342.3999939,345.75,89044
19-10-2023,344.8999939,356,340.5499878,350.3999939,823017
20-10-2023,343.25,344.6000061,330.0499878,331.9500122,247272
23-10-2023,333.9500122,334.4500122,318,320.7000122,177623
25-10-2023,320.7000122,324.75,316.4500122,319,107935
26-10-2023,316.0499878,324.25,308.2999878,317.7000122,268571
27-10-2023,321.1499939,323.1000061,317.4500122,320.9500122,82548
30-10-2023,324.8500061,329,319.7999878,323,132005
31-10-2023,324.6499939,326.8500061,315.1000061,317.7999878,277397
01-11-2023,318.7999878,321.5499878,316,317.0499878,50027
02-11-2023,318.5,320,316.2000122,316.9500122,41462
03-11-2023,318.5,323,316.7999878,320.0499878,74569
06-11-2023,324.9500122,326,319,324.6499939,74187
07-11-2023,327.8999939,328,322.5,324.6000061,36936
08-11-2023,325.7000122,329.8999939,323.2999878,327.1499939,126024
09-11-2023,328.5,333,323.9500122,327.9500122,68083
10-11-2023,328.2999878,336,325.4500122,332,83003
13-11-2023,333.8500061,335,330.3500061,334.2000122,24107
15-11-2023,335.8999939,339.25,330.5,332.1499939,53820
16-11-2023,332,337.8500061,331.3999939,334.6000061,41041
17-11-2023,332.7000122,337.0499878,331.9500122,335.25,83704
20-11-2023,336.8999939,348.5,335.5,347.0499878,147983
21-11-2023,349.7999878,353,349,350.7000122,174223
22-11-2023,345.1499939,353.9500122,342.7000122,350.8999939,170402
23-11-2023,350.8999939,353.8999939,345.6000061,350.2000122,53745
24-11-2023,348.3999939,357,348.3999939,353.1000061,132972
28-11-2023,354.9500122,370,354.9500122,365.3500061,812549
29-11-2023,369.8999939,369.8999939,362.2000122,364.8500061,93855
30-11-2023,365,365.4500122,358.1000061,362.5499878,103720
01-12-2023,362,373,362,371.1000061,208508
04-12-2023,378.0499878,387.7000122,377.1000061,380.7000122,369320
05-12-2023,381.9500122,387,378,385.5499878,229562
06-12-2023,385.5499878,404.7000122,371.2999878,398.5499878,536870
07-12-2023,393.6499939,399.2000122,384.6000061,396.2000122,172046
08-12-2023,392,396.8999939,381.5,384.75,320463
11-12-2023,385,398.1000061,381.0499878,394.2999878,326858
12-12-2023,394,400.6000061,390.0499878,393.8999939,268063
13-12-2023,396,402,391.9500122,398.2999878,167896
14-12-2023,402.9500122,402.9500122,393.1499939,394.75,119234
15-12-2023,396.3999939,403,386.7999878,392.9500122,339320
18-12-2023,392,409.5,388.75,408.1000061,271713
19-12-2023,409.9500122,412,402.1000061,408.7000122,122948
20-12-2023,408,410,363.8500061,379.3500061,418925
21-12-2023,372,403.9500122,370.8500061,399.6000061,405335
22-12-2023,395.6499939,412.5499878,394.8500061,400.0499878,398142
26-12-2023,401.8500061,402.0499878,393.8500061,399,164092
27-12-2023,395.3500061,412,395.3500061,409.6000061,360293
28-12-2023,409.2000122,411.6000061,391.1000061,399.5499878,196379
29-12-2023,396.6000061,398.75,392,395.2000122,77713
01-01-2024,395.8999939,395.9500122,388.5,390.25,54880
02-01-2024,392,397.7000122,385,389,116740
03-01-2024,389,400.6499939,388.6499939,390.75,179553
04-01-2024,392.1000061,400.7999878,392.1000061,395.2000122,136566
05-01-2024,395,397.4500122,389,389.9500122,88369
08-01-2024,390.1000061,393.2999878,384.1000061,386.7999878,67561
09-01-2024,387,390.9500122,378.0499878,379.4500122,65172
10-01-2024,381,383.9500122,368.9500122,373.6000061,77856
11-01-2024,373.6000061,382.25,365.0499878,378.9500122,132023
12-01-2024,380.2000122,380.7999878,373.8500061,376.75,45281
15-01-2024,380,386,377.7000122,383.8500061,93810
16-01-2024,383.8500061,394.3500061,377.8999939,390.1000061,269230
17-01-2024,388.75,394.3500061,379.1000061,380.8999939,129428
18-01-2024,379.8500061,405,370.5,379.5499878,878440
19-01-2024,380.5,388.7000122,377.1000061,380.7000122,125111
23-01-2024,409,414,366.8999939,368.75,634357
24-01-2024,366.5,379.7000122,366.5,371.2999878,155955
25-01-2024,375.75,375.75,360,364.1499939,104249
29-01-2024,365,376,364,372.75,129837
30-01-2024,376,377,365,367.5499878,128403
31-01-2024,367.5499878,381.3999939,366.2000122,372.2999878,261424
01-02-2024,372.2000122,374.5499878,367.25,369.2999878,58269
02-02-2024,370,373.7000122,363.2999878,364.8999939,110187
05-02-2024,365.1499939,369,355,356.7000122,115826
06-02-2024,361.7999878,366.7000122,356.3500061,361.8500061,107066
07-02-2024,363.7000122,366.75,355.8500061,358,70527
08-02-2024,359.7999878,361.7999878,348.1000061,351.25,64944
09-02-2024,353,353.3500061,344.7999878,349.5499878,61091
12-02-2024,351.2999878,353.0499878,336,337.5499878,100439
13-02-2024,339.9500122,346,329.4500122,343.2000122,106913
14-02-2024,339,386,335.8999939,363.3500061,579517
15-02-2024,364.1499939,375,361.0499878,372.1000061,90992
16-02-2024,368,377.25,363.1000061,366.9500122,74116
19-02-2024,364,370,362.2000122,365.0499878,32854
20-02-2024,365.0499878,366.8999939,361.1499939,362.5499878,27650
21-02-2024,363.75,366.7000122,357.6000061,361.3500061,43216
22-02-2024,360.3500061,380.75,358.2000122,376.6000061,116484
23-02-2024,376.6000061,380.3999939,370.0499878,374.7999878,93025
26-02-2024,379,379,368.25,369.2000122,61819
27-02-2024,369.4500122,370.5,358.1000061,361.2999878,71833
28-02-2024,362.2999878,362.4500122,350,351.1000061,70233
29-02-2024,352.8999939,354.6000061,344.5,349.2000122,57306
01-03-2024,349.5499878,352.3500061,344.7999878,346.1499939,26812
04-03-2024,354.1000061,355.8999939,345.5499878,346.8999939,30071
05-03-2024,346.8999939,347.6499939,341.2999878,343.6499939,23398
06-03-2024,343.6499939,346.5,338,339.7000122,87452
07-03-2024,336.2999878,352.3500061,336.2999878,341.6499939,73976
11-03-2024,342.1499939,346.8999939,333.5499878,335.3999939,53131
12-03-2024,335.3999939,344,330.3999939,338.3500061,70357
13-03-2024,348,350.4500122,318.3999939,322.8500061,145476
14-03-2024,321.0499878,342.75,321.0499878,333.5,83019
15-03-2024,330.2999878,339.4500122,324.8500061,325.9500122,52238
18-03-2024,325.9500122,339.7000122,325,330.8999939,135173
19-03-2024,335.0499878,339.7000122,329,331,54690
20-03-2024,335.2000122,339.6000061,328.3999939,336.3500061,43290
21-03-2024,337,345,334.1000061,336.3999939,35484
22-03-2024,336.3999939,339.3999939,332.5,334.7999878,28311
26-03-2024,341,347.8999939,330,331.6000061,138279
27-03-2024,333.2999878,338.7000122,331.3500061,333.8999939,68464
28-03-2024,337.8500061,338.7999878,327.4500122,328.6499939,75404
01-04-2024,329.5499878,354.7999878,329.5499878,339.2999878,165765
02-04-2024,339.2999878,343.8999939,337.75,339.9500122,49233
03-04-2024,341.4500122,349.7999878,338.7999878,343.25,137828
04-04-2024,343,352.1000061,337,343.8500061,106110
05-04-2024,349.8500061,372,347.5,349.7000122,677829
08-04-2024,350.8999939,353,346,348.8500061,76447
09-04-2024,350.5,350.6499939,344.7999878,348.2999878,29738
10-04-2024,349.8999939,354.6499939,342.5499878,352.6499939,122596
12-04-2024,348.6000061,354.4500122,343.7000122,346.75,60963
15-04-2024,340,344,338,339.2999878,41246
16-04-2024,336.2000122,343.4500122,329.8500061,332.75,106830
18-04-2024,333,337.9500122,331,331.8500061,66112
19-04-2024,329,335.7000122,328.5,330.8999939,37858
22-04-2024,332.9500122,336.5499878,326.8500061,328,98574
23-04-2024,329.7000122,334.1000061,328.5,329.4500122,46917
24-04-2024,332.75,335.6499939,328.2000122,329,87448
25-04-2024,331.9500122,332,323.1000061,324.0499878,191638
26-04-2024,325.7000122,329.9500122,325.1000061,328.6000061,42066
29-04-2024,331.9500122,334.6000061,324.75,325.9500122,157522
30-04-2024,328,333,326,326.9500122,86240
02-05-2024,328.1000061,334.4500122,326,331.3999939,143519
03-05-2024,331.4500122,340.7000122,330.5,337.7000122,182414
06-05-2024,340.7000122,344.9500122,330.2000122,335.5499878,403838
07-05-2024,337,338.8999939,330,334.2999878,56579
08-05-2024,331.2000122,337.8500061,331.2000122,334.1499939,24132
09-05-2024,335.5,336.3500061,326.7999878,328.6499939,34606
10-05-2024,330.2999878,330.8999939,318.3999939,320.0499878,87134
13-05-2024,321.5499878,321.7000122,315.5499878,316.9500122,40233
14-05-2024,317.8500061,345.25,317.2000122,330.5,225085
15-05-2024,331.25,335.6000061,325.0499878,327.5499878,67038
16-05-2024,329.2000122,334.8999939,317,321.7999878,242445
17-05-2024,326.5499878,330,317.1000061,320.2999878,145623
21-05-2024,325,325,313.1499939,315.0499878,166036
22-05-2024,319.9500122,320.5,313.1000061,313.8999939,142466
23-05-2024,313.7000122,315.7999878,310.2000122,312.1000061,499511
24-05-2024,313.6499939,316.2000122,310.3500061,311,85566
27-05-2024,312.1499939,319.2999878,310,317.9500122,312871
28-05-2024,319,319.5499878,312.0499878,314.8500061,139518
29-05-2024,314.8500061,316.6000061,311.3500061,312.2000122,55925
30-05-2024,312.2000122,312.8500061,306.0499878,310.5499878,167658
31-05-2024,310.5499878,312.1499939,295.1499939,300.4500122,728095
03-06-2024,303.1000061,309.3999939,303.1000061,305.2000122,58277
04-06-2024,305.2000122,308.7000122,286.6000061,298.2999878,169190
05-06-2024,298.3999939,312,298.2000122,310.2000122,99384
06-06-2024,311.2000122,321,311.2000122,317.1499939,220502
07-06-2024,320,324,318.2999878,321.1000061,112570
10-06-2024,325,327.2000122,321.1000061,323,91558
11-06-2024,323,326.9500122,322.2000122,324.0499878,62437
12-06-2024,324.1000061,326.1499939,322.2999878,324.2999878,66618
13-06-2024,324.8500061,326.9500122,324,325.1499939,61881
14-06-2024,327,329.5,324.5,326.1499939,83963
18-06-2024,326.5,329.75,322.3500061,324.5499878,88972
19-06-2024,325.1499939,326.9500122,323,325.2999878,67473
20-06-2024,326.9500122,333,323.6000061,325.2000122,139637
21-06-2024,326.25,333.75,324.9500122,327.0499878,224989
24-06-2024,326.8500061,331.4500122,325.2000122,328.25,97522
25-06-2024,328.2999878,331.5,325.2000122,326.3500061,72550
26-06-2024,326.8999939,328.4500122,325,326.3500061,47391
27-06-2024,328,328,321.0499878,322.0499878,53156
28-06-2024,323,326.1499939,319.3999939,324.7999878,47210
01-07-2024,326.5,332.7000122,323.7999878,331.6000061,123750
02-07-2024,334.6499939,351.9500122,331.6000061,344.7999878,491502
03-07-2024,346.5,354.3999939,343.8500061,344.8500061,224996
04-07-2024,346.6499939,349.7000122,342.3999939,347.4500122,76972
05-07-2024,349.8500061,349.8500061,342,346.9500122,73961
08-07-2024,344.6000061,358,342.1000061,346.4500122,257365
09-07-2024,346.6000061,354,339,340.2999878,247277
10-07-2024,340.3999939,348.2000122,330.1499939,330.8500061,181494
11-07-2024,332.6000061,337,330.3999939,331.3500061,91554
12-07-2024,333.0499878,336.5499878,330.75,331.6000061,52023
15-07-2024,333.9500122,336,330,331.25,77203
16-07-2024,334.0499878,342,332.1499939,339.7000122,174961
18-07-2024,341.3999939,342,333,336.6000061,82489
19-07-2024,336.7999878,338.25,325,326.6000061,71385
22-07-2024,326,331.7000122,323.6000061,325.8999939,56445
23-07-2024,327.5,329.9500122,317,319.4500122,391521
24-07-2024,316.7000122,324.2999878,316.7000122,322,110363
25-07-2024,321.2000122,327.9500122,320,324.1499939,89049
26-07-2024,324.2999878,326.8500061,320.0499878,322.8999939,112649
29-07-2024,323.1000061,336.2000122,323.1000061,329.7000122,208035
30-07-2024,329.7000122,334,324.1000061,326,114071
31-07-2024,328,333,328,332.4500122,68042
01-08-2024,337.4500122,338.7999878,329.0499878,330.8500061,78826
02-08-2024,330.3999939,333.6000061,324.9500122,325.75,84644
05-08-2024,320.9500122,324.6000061,316.7000122,317.5499878,102654
06-08-2024,321.5,332,315.1499939,316.7999878,138529
07-08-2024,319.1000061,325.4500122,319.0499878,322.3999939,54097
08-08-2024,323.8999939,324.0499878,319.7999878,321.6499939,36938
09-08-2024,322.2000122,324.6000061,320.1000061,321.9500122,30467
12-08-2024,323,338.3999939,321.2000122,332.6499939,136598
13-08-2024,333.2999878,334.8500061,325.3999939,327.8999939,49018
14-08-2024,329.5499878,334,323,330.1000061,49085
16-08-2024,331.7999878,332.3999939,325,326.8999939,29573
19-08-2024,327.1000061,332.9500122,325.8500061,330.3500061,34504
20-08-2024,334.2999878,338,329.0499878,335.75,93362
21-08-2024,335.1499939,354,335.1499939,351.8500061,892412
22-08-2024,355,363.3999939,350.8999939,360.7999878,411645
23-08-2024,361,365,359.5,363.75,311728
26-08-2024,365,367.1499939,357.7000122,360.75,117813
27-08-2024,357.5,369.75,357.5,364.6000061,224781
28-08-2024,364.8999939,367.6499939,361.2999878,365.7000122,115353
29-08-2024,362.6000061,368.7999878,361.2000122,365.25,147538
30-08-2024,365.25,371.0499878,360,361.4500122,191152
02-09-2024,362.5,365,355.3500061,361.1000061,61730
03-09-2024,362.6000061,362.9500122,358.5,359.75,222712
04-09-2024,362,382.3999939,357,374.6000061,343329
05-09-2024,380,384.3999939,376,379.6000061,261070
06-09-2024,380.1000061,387.5499878,368.1000061,371,161229
09-09-2024,375.9500122,385.75,371.2000122,372.7999878,217286
10-09-2024,374.7000122,379.9500122,374.6000061,377.8500061,99524
11-09-2024,378,385.3500061,377,378.4500122,113380
12-09-2024,380,380.6499939,372,373.2000122,54840
13-09-2024,374,375.0499878,370,371.5499878,44898
16-09-2024,371.2000122,372.7999878,366.5,367.4500122,45526
17-09-2024,368.8999939,380,368.2000122,375.1000061,80988
18-09-2024,377,377,366,370.1000061,77133
19-09-2024,368.5499878,376.25,364.8999939,369.4500122,125289
20-09-2024,370.8500061,380,368,377.1000061,61910
23-09-2024,380,383,372.3500061,375.5,78747
24-09-2024,377.8999939,379.5,367.1000061,372.7000122,58489
25-09-2024,373.1000061,374.6000061,362.5499878,365.5,68588
26-09-2024,369.1499939,370.9500122,364,365.3999939,58109
27-09-2024,367.25,369.3999939,353,357.0499878,226315
30-09-2024,357.8999939,363.9500122,352.8500061,358.5499878,61452
01-10-2024,360.2999878,360.2999878,345.2000122,348.5,73725
03-10-2024,348,351.5,337.3500061,339.5499878,90936
04-10-2024,343.6499939,350.7000122,331.1499939,334.6499939,187203
07-10-2024,335.0499878,341.25,328.2000122,329.6499939,112450
08-10-2024,328.25,342.9500122,324.6000061,336.6499939,59303
09-10-2024,338.3500061,345.7999878,334.3999939,341.8500061,140369
10-10-2024,342.0499878,343.6000061,337.0499878,340.3999939,263124
11-10-2024,341.7999878,343.2999878,335,337.2999878,73601
14-10-2024,332,338.1000061,325,335.8999939,277825
15-10-2024,335,341.8500061,334.5,336.0499878,68969
16-10-2024,336.1000061,347.9500122,336.1000061,345.2999878,126164
17-10-2024,342.2000122,345.5,336.2000122,341.6499939,225145
18-10-2024,340.1000061,347.8999939,336.8500061,341.5499878,91157
21-10-2024,342.5,342.5,333,334.0499878,43459
22-10-2024,331.0499878,333.0499878,322,323.25,62676
23-10-2024,324.8999939,326.1499939,318.6000061,320.6000061,58096
24-10-2024,322.2000122,322.2000122,299.0499878,315.7999878,500071
25-10-2024,315,315.3999939,298.1000061,304,279809
28-10-2024,304,308.8500061,297.8999939,302.3500061,145159
29-10-2024,302.3500061,303.5,299.3500061,301.75,199122
30-10-2024,301.75,317.5,299.7999878,307.6499939,220892
31-10-2024,308.4500122,313,307,310.3999939,55555
01-11-2024,314.1000061,315.5,310.3999939,314.1499939,21841
04-11-2024,314.7000122,314.7000122,307.7999878,308.4500122,59958
05-11-2024,306.5499878,315.3500061,306.5499878,312.25,36619
06-11-2024,312.25,315.7000122,312.25,314.5,47665
07-11-2024,315,317,310.9500122,314.8500061,468283
08-11-2024,316.4500122,316.4500122,306.2000122,307.8999939,57171
11-11-2024,308.7999878,309.7000122,305.2999878,306.6000061,35544
12-11-2024,307,311.7999878,302.1000061,307.25,37430
13-11-2024,306.6000061,312.7999878,304,310.1499939,61820
14-11-2024,311,313.1000061,305.9500122,309.5,33909
18-11-2024,309.5,309.9500122,305,308.1499939,37194
19-11-2024,309.2999878,310,303.7000122,304.2999878,117111
21-11-2024,303,305,298.5,299.7999878,56654
22-11-2024,300,325.0499878,299.7999878,320.0499878,512900
25-11-2024,325.0499878,328.2000122,318.5,322.2000122,74382
26-11-2024,316,321.8500061,313.1000061,315.5,69246
27-11-2024,316.3999939,319.2000122,298,305.6000061,420732
28-11-2024,309,317.5,305,316.2000122,91100
29-11-2024,315.6000061,327.8500061,315.1000061,324.75,100524
02-12-2024,325,330.8500061,320.1000061,322,129109
03-12-2024,349,355,312.1000061,320.3999939,1925918
04-12-2024,323.8500061,324.8999939,320,322.4500122,116707
05-12-2024,322.1000061,323.8999939,319.5499878,321.25,73350
06-12-2024,320,325.8999939,320,323.5499878,63865
09-12-2024,326.8500061,326.8500061,316.1000061,318.75,85459
10-12-2024,316.1000061,343.5499878,316.1000061,338.7999878,226377
11-12-2024,340,345.5,333.25,341.6499939,346582
12-12-2024,342.8999939,342.8999939,331.3500061,335.1499939,56437
13-12-2024,331.7999878,341.7999878,330.2999878,335.2999878,83567
16-12-2024,336,341.3999939,331.5,340.5499878,62665
17-12-2024,341,349.4500122,312,344.3999939,1225421
18-12-2024,340.25,344.9500122,331.5499878,338.75,147583
19-12-2024,333.5,339.4500122,330.0499878,334.8500061,64144
20-12-2024,334,346,325.4500122,339.9500122,147106
23-12-2024,339.9500122,342.3500061,328,329.75,74446
24-12-2024,333.6499939,342,325.5499878,330.8500061,148562
26-12-2024,329,334.6499939,328.0499878,331.7000122,28027
27-12-2024,329,335,329,331.8500061,30534
30-12-2024,327.6499939,339,327.6499939,329.7999878,58677
31-12-2024,328.5,335,326,332.2000122,24875
01-01-2025,332.7999878,334.0499878,329.7999878,332.2000122,11534
02-01-2025,332.7999878,344,332.7999878,337.6000061,277595
03-01-2025,336,343.6499939,335.9500122,336.3500061,96872
06-01-2025,338.6499939,339.8500061,330.6000061,333.9500122,80375
07-01-2025,333,338.0499878,333,336.6499939,115813
08-01-2025,332,338,331.9500122,336.1000061,47333
09-01-2025,335.6000061,339.4500122,325,334.1499939,123784
10-01-2025,337.7000122,338,324.7999878,327.7999878,149487
13-01-2025,322.8999939,330.6499939,322.8999939,325.3999939,66750
14-01-2025,329.2999878,329.5,323.0499878,325.0499878,28320
15-01-2025,326.7000122,326.7000122,321.1000061,324.2999878,20061
16-01-2025,322,328,322,325.7999878,32012
17-01-2025,325.7999878,335.3999939,325.5,333.3999939,54852
20-01-2025,328.1000061,335,328.1000061,332.75,32926
21-01-2025,336,349.4500122,316.9500122,341,846105
22-01-2025,331.7999878,333.25,281.2999878,287.2000122,1085145
23-01-2025,289,295,285.5499878,289.2000122,225859
24-01-2025,289,290,286.3500061,288,104490
27-01-2025,287,288.2000122,255.8000031,258.7999878,238626
28-01-2025,260,260,245,247.3500061,149106
29-01-2025,252.25,252.25,246.1999969,248.4499969,126328
30-01-2025,248.9499969,249.5500031,241.5,245.1499939,91468
31-01-2025,246,258.2000122,241.8000031,249.9499969,80368
01-02-2025,250.8000031,256.5299988,247.5399933,254.2200012,27094
03-02-2025,254.25,259.7999878,245.0899963,256.7399902,46959
04-02-2025,259,264.8999939,255.0299988,263.6000061,24540
05-02-2025,264,283.7900085,264,276.1400146,85888
06-02-2025,278.8699951,284.4500122,275.7399902,279.6700134,48551
07-02-2025,282,282,273.3500061,280.2399902,23031
10-02-2025,280.2399902,280.2399902,262.1000061,265.6300049,42252
11-02-2025,263.6499939,267.8900146,255.3500061,257.7200012,56012
12-02-2025,256,267.2999878,246.9100037,258.0799866,55504
13-02-2025,258.0799866,259.7799988,250,250.4900055,33451
14-02-2025,252,253.4499969,245,245.8999939,35965
17-02-2025,246,256.5100098,243.75,250.3699951,43765
18-02-2025,247.8000031,250.9499969,241.6000061,244.3699951,36920
19-02-2025,244.3899994,247.3500061,240,240.6399994,56590
20-02-2025,243.5,243.5,230.1000061,231.6499939,93749
21-02-2025,233,235.5399933,230.1000061,234.0899963,75956
24-02-2025,233.8999939,233.8999939,222.1000061,223.6300049,59474
25-02-2025,221.3600006,224.9400024,206.9600067,208.7700043,157471
27-02-2025,212,212,195.8699951,200.0399933,177991
28-02-2025,200,205,190,196.4700012,170281
03-03-2025,199.3999939,230,198.1699982,224.3699951,1042393
04-03-2025,212.6499939,243.0899963,212.6499939,235.8000031,394948
05-03-2025,229,235,222.4100037,224.3399963,210130
06-03-2025,226,236.8200073,226,232.4700012,100484
07-03-2025,231.0500031,238.0800018,230,234.9100037,104683
10-03-2025,237.8999939,238.4499969,227.0099945,230.75,77843
11-03-2025,229.6100006,229.6100006,216.0700073,224.2100067,104655
12-03-2025,225.3399963,225.8600006,218,219.4499969,60795
13-03-2025,216.8000031,220.3000031,216.8000031,218.7700043,91950
17-03-2025,220.3000031,220.5099945,212.6000061,219.4700012,127698
18-03-2025,219.4700012,219.4700012,219.4700012,219.4700012,0
19-03-2025,228.1499939,233.7799988,227.3200073,230.1699982,93055
20-03-2025,230.75,244.3000031,230.75,238.5200043,110715
21-03-2025,234.9499969,243,233.9400024,235.1799927,109547
24-03-2025,240,255.5,238.3399963,251.4600067,226092
25-03-2025,251.4499969,254.4600067,241.1499939,243.0299988,132306
26-03-2025,244.6999969,245.8899994,234.1000061,236.9100037,64705
27-03-2025,236.8000031,236.8000031,231.0200043,232.3200073,81569
28-03-2025,233,240.7700043,229.1000061,232.8899994,81602
01-04-2025,231.3999939,247.3999939,230.1900024,244.5700073,57364
02-04-2025,247,247,240.6100006,244.0299988,38419
03-04-2025,246.0099945,258.4400024,245.1100006,255.5700073,75467
04-04-2025,254.25,255.5500031,240.6399994,249.1799927,45601
07-04-2025,238.7200012,240.1999969,230.0500031,233.6000061,57143
08-04-2025,236,240.9900055,233.0099945,236.1399994,25313
09-04-2025,236.1399994,237.25,222.0099945,224.3999939,83320
11-04-2025,228.0099945,235,226.75,230.8099976,32948
15-04-2025,232.1999969,236.1900024,232.1000061,233.4700012,33876
16-04-2025,233.6699982,243.6999969,232.9199982,239.7799988,61164
17-04-2025,240.3500061,243.1000061,237.3800049,239.8699951,30672
21-04-2025,242.25,250.3600006,239.1000061,243.1699982,46158
22-04-2025,244.3999939,249.9799957,240.3200073,247.9100037,38677
23-04-2025,247.9100037,250.0099945,238.2100067,240.5700073,91354
24-04-2025,243,245.3200073,238.3000031,238.8600006,57929
25-04-2025,239.3300018,239.3300018,226.7200012,232.4799957,48613
28-04-2025,232.1000061,232.4900055,228.8699951,230.9900055,21463
29-04-2025,232.8000031,233.6999969,224.9900055,226.6900024,27624
30-04-2025,227.8500061,235.7899933,223.4799957,232.5700073,32762
02-05-2025,232.5500031,232.5500031,226.4100037,229,25508
05-05-2025,227.0099945,238.8899994,221.8999939,237.1900024,86854
06-05-2025,238.8999939,241,233,239.25,54097
07-05-2025,237,252,236.9900055,248.3699951,95310
08-05-2025,247.8999939,250.5800018,240,240.6300049,38566
09-05-2025,235.6300049,243,235.6199951,241.1600037,38062
12-05-2025,242.8000031,252.9499969,242.8000031,251.0299988,38577
13-05-2025,251,255.9900055,250,251.1199951,34666
14-05-2025,252,254.8000031,251.1199951,251.8600006,19761
15-05-2025,254.8000031,255.1000061,250,250.5399933,44910
16-05-2025,253.5,255.3999939,250.8000031,253.25,26184
19-05-2025,256.2999878,263.2900085,253.4499969,260.0100098,56660
20-05-2025,260.5,276,258.6799927,260.2799988,132869
21-05-2025,263,265.5,260,261.5799866,36373
22-05-2025,263.8999939,265.5799866,239.6000061,242.6699982,455977
23-05-2025,245.0200043,259.1199951,232.6699982,243.6100006,271075
26-05-2025,244.8999939,245.4799957,241.1900024,241.9900055,29727
27-05-2025,244.8000031,250,241,248.1100006,46179
28-05-2025,248.1100006,251.1600037,244.1999969,245.6000061,22743
29-05-2025,243.1499939,254.5899963,243.1499939,253.3099976,78956
30-05-2025,253.3099976,253.3099976,247,250.6799927,36378
02-06-2025,254,260.8999939,249,258.9500122,63331
03-06-2025,258.9500122,282.6000061,257.0499878,279.1000061,283168
04-06-2025,279.1000061,288,271.2999878,283.75,119494
05-06-2025,280.8999939,283.5499878,274.4500122,279.8999939,52216
06-06-2025,282.6000061,282.6000061,274,275.1000061,25403
09-06-2025,273.3999939,294.25,273.3999939,291.8500061,126457
10-06-2025,294.3999939,294.3999939,283.1499939,290.5,44209
11-06-2025,290.5,293.6000061,277.8999939,280.7000122,80754
12-06-2025,278.8999939,287.2999878,277,280.3999939,85159
13-06-2025,275.1000061,286.8999939,273.6000061,280.7000122,64810
16-06-2025,278.2000122,287.4500122,276.2999878,283.5499878,27395
17-06-2025,284.5,292,280.3500061,285.1499939,43913
18-06-2025,286,286.5499878,277.2000122,282.7999878,38401
19-06-2025,284.8500061,284.8500061,277.8500061,281.5499878,23655
20-06-2025,279.5,286.8500061,278.8999939,285.0499878,28518
23-06-2025,281.1000061,287.0499878,274.5499878,284.3999939,72790
24-06-2025,282.2999878,288.75,282.2999878,284.9500122,30908
25-06-2025,287,294.5,286.1000061,291.8999939,21904
26-06-2025,291.8999939,297,287.3999939,295.1000061,43799
27-06-2025,295.1000061,305.6000061,292.2000122,301.7000122,46429
30-06-2025,300.5,323.9500122,300,317.6000061,135352
01-07-2025,317.6000061,323.7000122,310,313.1000061,54398
02-07-2025,311.5499878,327.5,311,321.9500122,81266
03-07-2025,323.1000061,341,320.6499939,338.7999878,140975
04-07-2025,342.2000122,344.9500122,335,338.6499939,82017
07-07-2025,339,339.2000122,326.6000061,329.5499878,42700
08-07-2025,329.9500122,329.9500122,321.2000122,325.1499939,38054
09-07-2025,321.8999939,335.1499939,321.8999939,332.7999878,43931
10-07-2025,330.2999878,335.5,322,326.8999939,40761
11-07-2025,324.5499878,331,324.5499878,326.4500122,174646
14-07-2025,323.3500061,325.3999939,316,319,136521
15-07-2025,322.2000122,334.9500122,321.5,331.1499939,64237
16-07-2025,328.5499878,349.7999878,328.5499878,339.1000061,380280
17-07-2025,340.7999878,348,337,338.9500122,60180
18-07-2025,339.5,341.1499939,322.2999878,323.5499878,63804
21-07-2025,326.1499939,333.0499878,314.5,317.5,125095
22-07-2025,317.5,318.8999939,309.5499878,310.7000122,39219
23-07-2025,310.7000122,314.3500061,310.1000061,311.1499939,20600
24-07-2025,314,336,291,321.7999878,1252464
25-07-2025,320,321.6000061,310,317.1499939,102421
28-07-2025,315.7000122,324,308.1000061,311.3500061,54524
29-07-2025,314,321,311.3500061,319.5499878,42208
30-07-2025,320.2000122,329,318.8999939,324.5,64331
31-07-2025,323.8999939,327.7000122,315.1000061,317.8500061,63896
01-08-2025,314.7999878,318.8999939,306.1000061,309.3500061,36824
04-08-2025,306,309,301,302.5,25076
05-08-2025,304.2000122,305.4500122,294.1499939,299.25,27748
06-08-2025,302.7999878,302.7999878,288.8999939,291.5499878,19289
07-08-2025,288.6499939,301.8999939,280.2000122,284.0499878,92420
08-08-2025,281.1499939,300.8500061,280.25,291.8500061,78231
11-08-2025,288.9500122,293.3999939,283,284.2999878,18534
12-08-2025,284.2999878,294,284.2999878,293,20897
13-08-2025,292,309,289,293.7000122,138144
14-08-2025,293.5499878,293.5499878,284.5,285.1000061,33015
18-08-2025,290.1000061,300.2000122,287.6499939,293.3999939,30719
19-08-2025,296.1000061,296.1499939,286.75,291.3500061,25043
20-08-2025,291,291.3999939,279.9500122,283.1000061,55880
21-08-2025,283.8999939,286.4500122,276.3500061,278.4500122,60724
22-08-2025,280,282.2000122,278.0499878,279.5499878,12570
25-08-2025,282.3500061,284.2000122,277.7000122,282.8500061,18746
26-08-2025,280,282.5,275,277.25,13782
28-08-2025,280,281.4500122,260,274.2000122,40010
29-08-2025,274.6000061,274.6000061,265,266.6000061,37021
01-09-2025,264.6499939,274.7999878,264.2999878,267.8999939,36771
02-09-2025,265.8999939,277.9500122,265.8999939,275.7000122,17645
03-09-2025,275.7000122,284.1000061,273.7999878,281.75,32566
04-09-2025,283,286.7000122,271.1000061,273.1000061,39450
05-09-2025,273.1000061,276.4500122,270.6499939,273.5499878,9873
08-09-2025,272.7000122,282.9500122,270.5499878,277,24360
09-09-2025,277,282.9500122,275.1000061,276.7000122,23645
10-09-2025,277.7999878,281.9500122,275,276.8500061,15555
11-09-2025,277.9500122,332.2000122,277.9500122,308.6000061,3600530
12-09-2025,310,317.25,296.3500061,299.0499878,342511
15-09-2025,299,299.9500122,292.3500061,293.5499878,154039
16-09-2025,295,325,292.6000061,304.7000122,1188502
17-09-2025,307.1499939,312,298.2000122,299.7999878,122489
18-09-2025,299.7999878,307.5,299.7999878,301.75,123764
19-09-2025,301.75,312.6000061,298.3500061,301.9500122,337917
22-09-2025,301.9500122,306,298.2000122,298.7000122,62693
23-09-2025,299.8999939,305.8999939,298.25,301.8999939,70020
24-09-2025,302,309,301,302.4500122,61514
25-09-2025,303,304.5499878,300.3500061,302,50807
26-09-2025,298.3999939,302,284.6499939,285.7999878,110128
29-09-2025,291.3999939,296,286,289.9500122,54506
30-09-2025,288.1000061,294.7999878,286.75,291.9500122,30372
01-10-2025,287.5499878,292.4500122,287.5499878,290.1499939,21521
03-10-2025,291.6000061,292.3500061,289.0499878,290.6000061,20202
06-10-2025,294.1000061,294.1000061,282.9500122,284,31975
07-10-2025,286.8500061,297.4500122,284,291,59146
08-10-2025,291,297.9500122,289.75,294.6499939,26413
09-10-2025,294.6499939,296.25,290.0499878,290.7999878,14516
10-10-2025,293.3999939,293.75,286.1000061,287.2999878,22735
13-10-2025,287,317.3500061,287,296.8500061,1663900
14-10-2025,296.9500122,302.2000122,293,294.8500061,52794
15-10-2025,292.8999939,295.2000122,285.25,286.0499878,100610
16-10-2025,289,301.9500122,287.9500122,292.1000061,128410
17-10-2025,291.2000122,293.25,283.1000061,285.2000122,48872
20-10-2025,286.9500122,289.2000122,283.7999878,286.7999878,20295
21-10-2025,286.2000122,289.7999878,285.7999878,287.7999878,4834
23-10-2025,289.7999878,291,281.1000061,282.2000122,66142
24-10-2025,282.2000122,287.8999939,281.1000061,281.3500061,77952
27-10-2025,282,285.2999878,275.1000061,276.7999878,63283
28-10-2025,277.5,278.8500061,270.7000122,273.2000122,46234
29-10-2025,274.2999878,278.5,270.9500122,275.25,36097
30-10-2025,277.8999939,282.6000061,274,280.5499878,22809
31-10-2025,280.9500122,281,277,279.1499939,19953
03-11-2025,282,282.6000061,270.7000122,274.8500061,83787
04-11-2025,275.8999939,277.5,270.1000061,270.9500122,38072
06-11-2025,271.2000122,288,261.9500122,264.4500122,480619
07-11-2025,265,269.5,259,260.9500122,85017
10-11-2025,261.6000061,268,257.3500061,265.5499878,44422
11-11-2025,266.6000061,272,261.7000122,269.25,51812
12-11-2025,268.6000061,271.3500061,266.3999939,268.0499878,22688
13-11-2025,269,271.3999939,266.3500061,267.25,31708
14-11-2025,267.25,267.3500061,261.7999878,262.8999939,23032
17-11-2025,263.1499939,265.25,259,260.0499878,26545
18-11-2025,260.0499878,270.3500061,257,268.0499878,86094
19-11-2025,268.0499878,268.5,258.1000061,260.2999878,34135
20-11-2025,260.2999878,261,251.6999969,252.0500031,66213
21-11-2025,252.1000061,261.8999939,251.6999969,257.25,60235
24-11-2025,255.3999939,255.3999939,251.6999969,252.8000031,22928
25-11-2025,251.75,256.1499939,251.75,254.9499969,12322
26-11-2025,250.1000061,262.7999878,250.1000061,261.2999878,38575
27-11-2025,260.1000061,261,256.5499878,257.9500122,18261
28-11-2025,257.9500122,259.7999878,254,256.1499939,38820
01-12-2025,257.7000122,261.6499939,255.1999969,257.8500061,19751
02-12-2025,256.7000122,262.5,253.6999969,261.6499939,21264
03-12-2025,261.6499939,261.6499939,253.9499969,255.3999939,22541
04-12-2025,255,256.25,251.6000061,252.25,21820
05-12-2025,252.25,253.1999969,251.4499969,251.6999969,16540
08-12-2025,251.6999969,254,250.3000031,252.5,51049
09-12-2025,251.5,252,237.8500061,239.5,128355
10-12-2025,240.6000061,243.3999939,235.8000031,236.8999939,33175
11-12-2025,237.1499939,240,236.6000061,239.4499969,12688
12-12-2025,245,250.8500061,238.9499969,242.5500031,103126
15-12-2025,242.5500031,250,239.8500061,247.3999939,25457
16-12-2025,245.8999939,247.3999939,243.9499969,244.8500061,12904
17-12-2025,245.1000061,246,238.9499969,240.5500031,10530
18-12-2025,240.1999969,240.3500061,236.3999939,237.8000031,18009
19-12-2025,238.0500031,240.6000061,236.9499969,239.6000061,39368
22-12-2025,240.8000031,242.75,236.5,237.5500031,14209
23-12-2025,238.1499939,239.8999939,236.6999969,236.8500061,22748
24-12-2025,237.1000061,238.6999969,232.9499969,234.6499939,30592
26-12-2025,234.5,234.6000061,225.5,225.9499969,52174
29-12-2025,226,226.9499969,224.1499939,225.8999939,23591
30-12-2025,225.8500061,232.3000031,222,230.6000061,30124
31-12-2025,229.4499969,235.5,228.8500061,234.6000061,25506
